nt	total_cov	count	average_cov
A	98520043	3411	1
C	46847172	1772	0.915328085620119
G	63727901	2373	0.929798846079394
T	58717187	2163	0.939865804198116
